<environmentvariabledefinition schemaname="raw_AzureFunctionUrlGetLoginData">
  <defaultvalue>https://&lt;yourazurefunctionsiteurl&gt;/api/GetLoginData</defaultvalue>
  <displayname default="Azure Function Url GetLoginData">
    <label description="Azure Function Url GetLoginData" languagecode="1033" />
  </displayname>
  <introducedversion>1.0.0.0</introducedversion>
  <iscustomizable>1</iscustomizable>
  <isrequired>0</isrequired>
  <secretstore>0</secretstore>
  <type>100000000</type>
</environmentvariabledefinition>