{
  "properties": {
    "connectionReferences": {
      "shared_keyvault_1": {
        "runtimeSource": "invoker",
        "connection": {
          "connectionReferenceLogicalName": "raw_sharedkeyvault_0ea20"
        },
        "api": {
          "name": "shared_keyvault"
        }
      }
    },
    "definition": {
      "$schema": "https://schema.management.azure.com/providers/Microsoft.Logic/schemas/2016-06-01/workflowdefinition.json#",
      "contentVersion": "1.0.0.0",
      "parameters": {
        "$connections": {
          "defaultValue": {},
          "type": "Object"
        },
        "$authentication": {
          "defaultValue": {},
          "type": "SecureObject"
        },
        "Azure Function Url GetLoginData (raw_AzureFunctionUrlGetLoginData)": {
          "type": "String",
          "metadata": {
            "schemaName": "raw_AzureFunctionUrlGetLoginData"
          }
        }
      },
      "triggers": {
        "manual": {
          "metadata": {
            "operationMetadataId": "0b0f6888-f871-401b-b286-485f08546663"
          },
          "type": "Request",
          "kind": "Button",
          "inputs": {
            "schema": {
              "type": "object",
              "properties": {},
              "required": []
            }
          }
        }
      },
      "actions": {
        "Get_Login_Information_from_Azure_Function": {
          "runAfter": {
            "Get_secret": [
              "Succeeded"
            ]
          },
          "limit": {
            "timeout": "PT5M"
          },
          "metadata": {
            "operationMetadataId": "80e87a00-cb7a-436b-9423-16a405cb47f2"
          },
          "type": "Http",
          "inputs": {
            "method": "GET",
            "uri": "@parameters('Azure Function Url GetLoginData (raw_AzureFunctionUrlGetLoginData)')",
            "authentication": {
              "type": "ActiveDirectoryOAuth",
              "authority": "https://login.microsoftonline.us",
              "tenant": "03f141f3-496d-4319-bbea-a3e9286cab10",
              "audience": "9ae93bbd-e6f2-470b-9a81-fca9af00c95c",
              "clientId": "9ae93bbd-e6f2-470b-9a81-fca9af00c95c",
              "secret": "@outputs('Get_secret')?['body/value']"
            },
            "retryPolicy": {
              "type": "fixed",
              "count": 2,
              "interval": "PT2M"
            }
          }
        },
        "Get_secret": {
          "runAfter": {},
          "metadata": {
            "operationMetadataId": "3394d536-7f03-41ef-ab0a-4ee96a04d12b"
          },
          "type": "OpenApiConnection",
          "inputs": {
            "host": {
              "connectionName": "shared_keyvault_1",
              "operationId": "GetSecret",
              "apiId": "/providers/Microsoft.PowerApps/apis/shared_keyvault"
            },
            "parameters": {
              "secretName": "aad-client-secret"
            },
            "authentication": {
              "type": "Raw",
              "value": "@json(decodeBase64(triggerOutputs().headers['X-MS-APIM-Tokens']))['$ConnectionKey']"
            }
          }
        },
        "HTTP": {
          "runAfter": {
            "Parse_JSON": [
              "Succeeded"
            ]
          },
          "metadata": {
            "operationMetadataId": "1bfceaee-c0a9-440c-bc00-31ad8e0d5390"
          },
          "type": "Http",
          "inputs": {
            "method": "GET",
            "uri": "https://api.scouting.org/lookups/person/grades",
            "authentication": {
              "type": "Raw",
              "value": "bearer @{body('Parse_JSON')?['token']}"
            }
          }
        },
        "Parse_JSON": {
          "runAfter": {
            "Get_Login_Information_from_Azure_Function": [
              "Succeeded"
            ]
          },
          "metadata": {
            "operationMetadataId": "0174a31e-a839-4b62-860c-35c27e833cbb"
          },
          "type": "ParseJson",
          "inputs": {
            "content": "@body('Get_Login_Information_from_Azure_Function')",
            "schema": {
              "type": "object",
              "properties": {
                "sessionToken": {
                  "type": "string"
                },
                "personGuid": {
                  "type": "string"
                },
                "userGuid": {
                  "type": "string"
                },
                "membership": {
                  "type": "object",
                  "properties": {
                    "memberId": {
                      "type": "integer"
                    },
                    "email": {
                      "type": "string"
                    },
                    "isDelete": {
                      "type": "boolean"
                    }
                  }
                },
                "account": {
                  "type": "object",
                  "properties": {
                    "username": {
                      "type": "string"
                    },
                    "userId": {
                      "type": "integer"
                    }
                  }
                },
                "profile": {
                  "type": "object",
                  "properties": {
                    "firstName": {
                      "type": "string"
                    },
                    "middleName": {
                      "type": "string"
                    },
                    "lastName": {
                      "type": "string"
                    },
                    "gender": {
                      "type": "string"
                    },
                    "prefix": {},
                    "suffix": {},
                    "dateOfBirth": {
                      "type": "string"
                    }
                  }
                },
                "userProfile": {},
                "token": {
                  "type": "string"
                },
                "hasMasqueradeRole": {
                  "type": "boolean"
                },
                "grantType": {
                  "type": "string"
                },
                "isMfaSignedUp": {
                  "type": "boolean"
                },
                "mfaDeliveryMethods": {
                  "type": "array"
                },
                "exp": {
                  "type": "integer"
                }
              }
            }
          }
        }
      }
    },
    "templateName": ""
  },
  "schemaVersion": "1.0.0.0"
}